{
  "video_id": "01_0141",
  "gate_score": 0.3241785764694214,
  "n_segments": 19,
  "segment_scores": [
    0.004936336074024439,
    0.01044955663383007,
    0.007235652767121792,
    0.004909701645374298,
    0.009513848461210728,
    0.22677938640117645,
    0.2594006657600403,
    0.23928943276405334,
    0.2247680127620697,
    0.2784114480018616,
    0.34495529532432556,
    0.26508766412734985,
    0.36249276995658875,
    0.13205567002296448,
    0.07069163024425507,
    0.11741507053375244,
    0.0027827026788145304,
    0.0008158945711329579,
    0.0003830140340141952
  ],
  "anomalous_segments": [
    {
      "start_snippet": 10,
      "end_snippet": 10,
      "selected_snippets": [
        {
          "snippet_idx": 10,
          "score": 0.34495529532432556
        }
      ]
    },
    {
      "start_snippet": 12,
      "end_snippet": 12,
      "selected_snippets": [
        {
          "snippet_idx": 12,
          "score": 0.36249276995658875
        }
      ]
    }
  ],
  "extracted_frames": [
    {
      "snippet_idx": 10,
      "score": 0.34495529532432556,
      "frame_num": 172,
      "file": "snippet_010_frame_0172.jpg"
    },
    {
      "snippet_idx": 12,
      "score": 0.36249276995658875,
      "frame_num": 205,
      "file": "snippet_012_frame_0205.jpg"
    }
  ]
}