{
  "video_id": "01_079",
  "gate_score": 0.29679611325263977,
  "n_segments": 44,
  "segment_scores": [
    0.06475092470645905,
    0.10101324319839478,
    0.12444593757390976,
    0.14527219533920288,
    0.1217774972319603,
    0.2422170341014862,
    0.23901911079883575,
    0.2187909185886383,
    0.24290518462657928,
    0.2771402597427368,
    0.3112778663635254,
    0.3620607852935791,
    0.2170497477054596,
    0.16114316880702972,
    0.11331956088542938,
    0.1341259777545929,
    0.18489281833171844,
    0.12215206772089005,
    0.09306113421916962,
    0.0015495074912905693,
    0.004586334805935621,
    0.0002444811980240047,
    0.0002387483837082982,
    9.606646199245006e-05,
    7.400928006973118e-05,
    0.00016225976287387311,
    0.002050289884209633,
    0.0006145485094748437,
    0.00043533038115128875,
    0.00017572342767380178,
    0.00014257773000281304,
    0.00026375570450909436,
    0.0002443406847305596,
    0.000970231369137764,
    0.00040734565118327737,
    0.00046774535439908504,
    0.0002378093486186117,
    0.00022422210895456374,
    8.250905375462025e-05,
    6.588303949683905e-05,
    4.4565753341885284e-05,
    2.8275408112676814e-05,
    3.077334622503258e-05,
    5.39990360266529e-05
  ],
  "anomalous_segments": [
    {
      "start_snippet": 10,
      "end_snippet": 11,
      "selected_snippets": [
        {
          "snippet_idx": 10,
          "score": 0.3112778663635254
        },
        {
          "snippet_idx": 11,
          "score": 0.3620607852935791
        }
      ]
    }
  ],
  "extracted_frames": [
    {
      "snippet_idx": 10,
      "score": 0.3112778663635254,
      "frame_num": 169,
      "file": "snippet_010_frame_0169.jpg"
    },
    {
      "snippet_idx": 11,
      "score": 0.3620607852935791,
      "frame_num": 186,
      "file": "snippet_011_frame_0186.jpg"
    }
  ]
}