{
  "video_id": "10_005",
  "gate_score": 0.4089632034301758,
  "n_segments": 115,
  "segment_scores": [
    9.039437281899154e-05,
    7.75153239374049e-05,
    9.267836139770225e-05,
    0.0001092368402169086,
    8.107096800813451e-05,
    6.266093987505883e-05,
    6.563106580870226e-05,
    7.165400893427432e-05,
    9.626356768421829e-05,
    0.00018725266272667795,
    0.00017732477863319218,
    0.00022169768635649234,
    0.0001521808881079778,
    9.406168101122603e-05,
    0.00015497332788072526,
    0.00022428040392696857,
    0.0009859739802777767,
    0.004724827129393816,
    0.006740202661603689,
    0.02905328944325447,
    0.021397391334176064,
    0.007519706152379513,
    0.030969705432653427,
    0.024486318230628967,
    0.019197437912225723,
    0.0017449198057875037,
    0.0002112380461767316,
    0.00012252750457264483,
    0.00010338738502468914,
    0.00011133444786537439,
    0.00013113251770846546,
    8.283842180389911e-05,
    6.029283395037055e-05,
    7.154872582759708e-05,
    6.778798706363887e-05,
    7.327109051402658e-05,
    5.9572845202637836e-05,
    6.037300408934243e-05,
    6.054923142073676e-05,
    8.857624925440177e-05,
    0.00010317824489902705,
    0.0001665281452005729,
    0.00025980424834415317,
    0.0004296718689147383,
    0.0014081717235967517,
    0.0006206574616953731,
    0.0004380072932690382,
    0.0003656074986793101,
    0.001066212193109095,
    0.0015928971115499735,
    0.008146933279931545,
    0.09620744735002518,
    0.19029927253723145,
    0.2626621127128601,
    0.1660582721233368,
    0.054088663309812546,
    0.05186982825398445,
    0.017779957503080368,
    0.013231093063950539,
    0.002140526194125414,
    0.0007586300489492714,
    0.0006473592948168516,
    0.0001783075713319704,
    8.873696788214147e-05,
    6.0151727666379884e-05,
    6.454230606323108e-05,
    6.258681241888553e-05,
    5.5614022130612284e-05,
    5.304920341586694e-05,
    6.763874989701435e-05,
    6.684796971967444e-05,
    8.5025756561663e-05,
    8.080633415374905e-05,
    0.00010557207133388147,
    0.0001055034008459188,
    0.0001245310268132016,
    0.00011585695028770715,
    0.00013504340313374996,
    0.00023769718245603144,
    0.0004876095918007195,
    0.00044733998947776854,
    0.00038107953150756657,
    0.00037723706918768585,
    0.0003451875818427652,
    0.0003003586025442928,
    0.0002963024307973683,
    0.0002394799084868282,
    0.0003022387973032892,
    0.0002749811683315784,
    0.0004742398450616747,
    0.00026992266066372395,
    0.00039806411950848997,
    0.0002756036992650479,
    0.00048381913802586496,
    0.00018541779718361795,
    0.000157364338519983,
    8.131904905894771e-05,
    7.734986138530076e-05,
    6.540190952364355e-05,
    5.4745258239563555e-05,
    2.8937263778061606e-05,
    5.0111695600207895e-05,
    0.000175355322426185,
    0.00022937865287531167,
    0.005793936084955931,
    0.18065665662288666,
    0.31178051233291626,
    0.3983425498008728,
    0.4021499752998352,
    0.4263971745967865,
    0.3513987064361572,
    0.04905310645699501,
    0.00028048339299857616,
    7.586659921798855e-05,
    0.00011070680193370208
  ],
  "anomalous_segments": [
    {
      "start_snippet": 106,
      "end_snippet": 110,
      "selected_snippets": [
        {
          "snippet_idx": 106,
          "score": 0.31178051233291626
        },
        {
          "snippet_idx": 108,
          "score": 0.4021499752998352
        },
        {
          "snippet_idx": 110,
          "score": 0.3513987064361572
        }
      ]
    }
  ],
  "extracted_frames": [
    {
      "snippet_idx": 106,
      "score": 0.31178051233291626,
      "frame_num": 1715,
      "file": "snippet_106_frame_1715.jpg"
    },
    {
      "snippet_idx": 108,
      "score": 0.4021499752998352,
      "frame_num": 1747,
      "file": "snippet_108_frame_1747.jpg"
    },
    {
      "snippet_idx": 110,
      "score": 0.3513987064361572,
      "frame_num": 1779,
      "file": "snippet_110_frame_1779.jpg"
    }
  ]
}