{
  "video_id": "10_004",
  "gate_score": 0.39827415347099304,
  "n_segments": 114,
  "segment_scores": [
    0.00014413654571399093,
    0.00010293956438545138,
    0.00012684827379416674,
    0.00010941163782263175,
    8.096458623185754e-05,
    5.6568696891190484e-05,
    5.5073855037335306e-05,
    5.481365224113688e-05,
    6.35693286312744e-05,
    8.669940143590793e-05,
    7.998326327651739e-05,
    5.307302490109578e-05,
    8.449413871858269e-05,
    0.0001264920283574611,
    0.0001571219472680241,
    0.00016057543689385056,
    0.0001539258228149265,
    0.0002466146252118051,
    0.0003045961493626237,
    0.00023593912192154676,
    0.0002545790048316121,
    0.0002385580155532807,
    0.0004040039493702352,
    0.0021203409414738417,
    0.011653355322778225,
    0.013113319873809814,
    0.002214869949966669,
    0.001242192112840712,
    0.0005513097275979817,
    0.0009504236513748765,
    0.002339476253837347,
    0.0012026082258671522,
    0.00109582650475204,
    0.0003662924573291093,
    0.00021805120923090726,
    0.00015228711708914489,
    0.00013509203563444316,
    0.00019491669081617147,
    0.0003690941375680268,
    0.00030556946876458824,
    0.00011230357631575316,
    0.00010578271758276969,
    6.128167296992615e-05,
    7.750202348688617e-05,
    7.725843170192093e-05,
    7.788462971802801e-05,
    7.768661453155801e-05,
    7.037925388431177e-05,
    3.826544707408175e-05,
    5.020942626288161e-05,
    4.538670327747241e-05,
    4.7491608711425215e-05,
    4.6869197831256315e-05,
    3.6422985431272537e-05,
    3.565165388863534e-05,
    4.317220373195596e-05,
    4.546116542769596e-05,
    3.782071507885121e-05,
    2.745265737758018e-05,
    3.370781632838771e-05,
    4.254416126059368e-05,
    4.950056245434098e-05,
    5.118704211781733e-05,
    6.406253669410944e-05,
    9.516334830550477e-05,
    0.0001427964452886954,
    0.0002935605589300394,
    0.0005787720438092947,
    0.0013472590362653136,
    0.004086601082235575,
    0.010611070320010185,
    0.02290787734091282,
    0.03362468257546425,
    0.07625006139278412,
    0.1366579234600067,
    0.147303506731987,
    0.1039746031165123,
    0.0989454835653305,
    0.23823967576026917,
    0.38407817482948303,
    0.39423415064811707,
    0.39914608001708984,
    0.3980385959148407,
    0.3976377546787262,
    0.36880865693092346,
    0.22012707591056824,
    0.06618256866931915,
    0.06148646026849747,
    0.0454060360789299,
    0.014241153374314308,
    0.00042260889313183725,
    9.468439384363592e-05,
    6.444560131058097e-05,
    4.938698111800477e-05,
    4.574224658426829e-05,
    5.087070167064667e-05,
    4.27380800829269e-05,
    3.780651604756713e-05,
    7.683198055019602e-05,
    4.672563954954967e-05,
    7.562631799373776e-05,
    6.620855128858238e-05,
    9.624425001675263e-05,
    9.11124370759353e-05,
    7.01332901371643e-05,
    5.13658560521435e-05,
    4.941757651977241e-05,
    5.654671258525923e-05,
    6.595949525944889e-05,
    5.6612829212099314e-05,
    5.020550452172756e-05,
    5.37677260581404e-05,
    4.672489740187302e-05,
    6.42806407995522e-05
  ],
  "anomalous_segments": [
    {
      "start_snippet": 79,
      "end_snippet": 84,
      "selected_snippets": [
        {
          "snippet_idx": 79,
          "score": 0.38407817482948303
        },
        {
          "snippet_idx": 81,
          "score": 0.39914608001708984
        },
        {
          "snippet_idx": 84,
          "score": 0.36880865693092346
        }
      ]
    }
  ],
  "extracted_frames": [
    {
      "snippet_idx": 79,
      "score": 0.38407817482948303,
      "frame_num": 1274,
      "file": "snippet_079_frame_1274.jpg"
    },
    {
      "snippet_idx": 81,
      "score": 0.39914608001708984,
      "frame_num": 1306,
      "file": "snippet_081_frame_1306.jpg"
    },
    {
      "snippet_idx": 84,
      "score": 0.36880865693092346,
      "frame_num": 1354,
      "file": "snippet_084_frame_1354.jpg"
    }
  ]
}