{
  "video_id": "01_074",
  "gate_score": 0.8119511008262634,
  "n_segments": 65,
  "segment_scores": [
    0.2175028771162033,
    0.21111057698726654,
    0.5201756358146667,
    0.686769962310791,
    0.883003830909729,
    0.9935063719749451,
    0.7783865332603455,
    0.663960337638855,
    0.5481260418891907,
    0.5208677649497986,
    0.3061065375804901,
    0.23565243184566498,
    0.05063507705926895,
    0.004599809180945158,
    0.0014652428217232227,
    0.0015890637878328562,
    0.0020681223832070827,
    0.0044902656227350235,
    0.00334508391097188,
    0.007991007529199123,
    0.008049765601754189,
    0.009030011482536793,
    0.005202808417379856,
    0.0053595020435750484,
    0.01014082320034504,
    0.007343155797570944,
    0.0022137050982564688,
    0.0025344218593090773,
    0.002428630134090781,
    0.0026901469100266695,
    0.0020717207808047533,
    0.0022016407456249,
    0.0017226700438186526,
    0.0021048537455499172,
    0.0025135099422186613,
    0.0023606703616678715,
    0.0023078438825905323,
    0.0036369541194289923,
    0.0026055872440338135,
    0.00242810626514256,
    0.005901132244616747,
    0.002198474481701851,
    0.0021703874226659536,
    0.0026383616495877504,
    0.0024446698371320963,
    0.003439791966229677,
    0.002147127641364932,
    0.0008478123927488923,
    0.0014394394820556045,
    0.0018986061913892627,
    0.004100136458873749,
    0.0047349645756185055,
    0.003953666891902685,
    0.0027490451466292143,
    0.0037519887555390596,
    0.001914195716381073,
    0.0015049331123009324,
    0.0010543520329520106,
    0.00090077705681324,
    0.0009916514391079545,
    0.0023840689100325108,
    0.00349140795879066,
    0.0008620987646281719,
    0.0004811671969946474,
    0.0012403805740177631
  ],
  "anomalous_segments": [
    {
      "start": 2,
      "end": 10
    }
  ],
  "extracted_frames": [
    {
      "snippet_idx": 2,
      "score": 0.5201756358146667,
      "frame_num": 40,
      "file": "snippet_002_frame_0040.jpg"
    },
    {
      "snippet_idx": 5,
      "score": 0.9935063719749451,
      "frame_num": 88,
      "file": "snippet_005_frame_0088.jpg"
    },
    {
      "snippet_idx": 7,
      "score": 0.663960337638855,
      "frame_num": 120,
      "file": "snippet_007_frame_0120.jpg"
    },
    {
      "snippet_idx": 10,
      "score": 0.3061065375804901,
      "frame_num": 168,
      "file": "snippet_010_frame_0168.jpg"
    }
  ]
}