{
  "video_id": "05_010",
  "gate_score": 0.20522181689739227,
  "n_segments": 78,
  "segment_scores": [
    0.0005305070662871003,
    0.00037263293052092195,
    0.0002882090921048075,
    0.00021520051814150065,
    0.00024001968267839402,
    0.0001593500783201307,
    0.00044956678175367415,
    0.0011030278401449323,
    0.0005284319049678743,
    0.0003991514095105231,
    0.0002190077502746135,
    0.00019839659216813743,
    0.0002133610687451437,
    0.00031857541762292385,
    0.00018154234567191452,
    0.0001573413610458374,
    0.0001448262919439003,
    0.00011747183452825993,
    0.0001474210002925247,
    0.00018151018593925983,
    0.00015318559599108994,
    0.0001946504635270685,
    0.0004206232260912657,
    0.0002884389250539243,
    0.00021354318596422672,
    0.00021018933330196887,
    0.0002038760867435485,
    0.00023611192591488361,
    0.00012567748490255326,
    0.0002836000930983573,
    0.00016386815696023405,
    0.0001443168439436704,
    0.0001354377018287778,
    0.000128159808809869,
    0.00011090451152995229,
    0.0001335819106316194,
    0.00015028397319838405,
    0.00023647405032534152,
    0.00021626680972985923,
    0.0004379238816909492,
    0.0010026040254160762,
    0.00039572565583512187,
    0.0002800967777147889,
    0.0006129698595032096,
    0.00021125029888935387,
    0.00013463043433148414,
    0.00018233968876302242,
    0.0001807216613087803,
    8.2654609286692e-05,
    8.167971100192517e-05,
    0.00025738024851307273,
    9.81181365204975e-05,
    0.00014882830146234483,
    0.00015534812700934708,
    0.00012735716882161796,
    0.0011891283793374896,
    0.0018154351273551583,
    0.00187217746861279,
    0.1319161355495453,
    0.12139050662517548,
    0.3679822087287903,
    0.12629270553588867,
    0.011583782732486725,
    0.0011896187206730247,
    0.0002686622610781342,
    0.00018320618255529553,
    0.000222567847231403,
    0.00017099565593525767,
    0.00018264706886839122,
    0.00018576372531242669,
    0.0002993618545588106,
    0.00030103311291895807,
    0.0004154886701144278,
    0.0003535222786013037,
    0.00031146587571129203,
    0.00038757553556934,
    0.0004258635453879833,
    0.0007526559056714177
  ],
  "anomalous_segments": [
    {
      "start_snippet": 60,
      "end_snippet": 60,
      "selected_snippets": [
        {
          "snippet_idx": 60,
          "score": 0.3679822087287903
        }
      ]
    }
  ],
  "extracted_frames": [
    {
      "snippet_idx": 60,
      "score": 0.3679822087287903,
      "frame_num": 969,
      "file": "snippet_060_frame_0969.jpg"
    }
  ]
}