{
  "video_id": "01_078",
  "gate_score": 0.3119385540485382,
  "n_segments": 64,
  "segment_scores": [
    0.0017739934846758842,
    0.0031143072992563248,
    0.015379625372588634,
    0.1425851732492447,
    0.21938765048980713,
    0.3018589913845062,
    0.2684858441352844,
    0.27810630202293396,
    0.365470826625824,
    0.27368712425231934,
    0.20527338981628418,
    0.19228526949882507,
    0.14188846945762634,
    0.1157776340842247,
    0.09583421051502228,
    0.0021571696270257235,
    0.006671241484582424,
    0.00046982025378383696,
    0.0005226284265518188,
    0.0002639791346155107,
    0.0002785960678011179,
    0.0006676019402220845,
    0.004629190545529127,
    0.06918269395828247,
    0.17982932925224304,
    0.1880374550819397,
    0.13190403580665588,
    0.1253320872783661,
    0.1770259439945221,
    0.11314878612756729,
    0.024865448474884033,
    0.003968541976064444,
    0.0024763927794992924,
    0.003267049789428711,
    0.0016505938256159425,
    0.001446860725991428,
    0.0017905710265040398,
    0.0014173084637150168,
    0.0014659315347671509,
    0.0013401312753558159,
    0.0014585246099159122,
    0.0014195984695106745,
    0.0012768764281645417,
    0.003321867436170578,
    0.0017134903464466333,
    0.001909870421513915,
    0.002193594817072153,
    0.0031259097158908844,
    0.0018093433463945985,
    0.0012648599222302437,
    0.0015497717540711164,
    0.0016155767953023314,
    0.0006947157089598477,
    0.000457170041045174,
    0.0003638358903117478,
    0.0005689065437763929,
    0.0014855251647531986,
    0.0005071469349786639,
    0.0017574714729562402,
    0.00032915198244154453,
    0.00015076363342814147,
    9.179385233437642e-05,
    0.00011240325693506747,
    0.0003046819183509797
  ],
  "anomalous_segments": [
    {
      "start_snippet": 5,
      "end_snippet": 5,
      "selected_snippets": [
        {
          "snippet_idx": 5,
          "score": 0.3018589913845062
        }
      ]
    },
    {
      "start_snippet": 8,
      "end_snippet": 8,
      "selected_snippets": [
        {
          "snippet_idx": 8,
          "score": 0.365470826625824
        }
      ]
    }
  ],
  "extracted_frames": [
    {
      "snippet_idx": 5,
      "score": 0.3018589913845062,
      "frame_num": 88,
      "file": "snippet_005_frame_0088.jpg"
    },
    {
      "snippet_idx": 8,
      "score": 0.365470826625824,
      "frame_num": 137,
      "file": "snippet_008_frame_0137.jpg"
    }
  ]
}