{
  "video_id": "10_005",
  "gate_score": 0.25008654594421387,
  "n_segments": 115,
  "segment_scores": [
    0.010832691565155983,
    0.007903083227574825,
    0.008859272114932537,
    0.004043948370963335,
    0.002605759771540761,
    0.0016897473251447082,
    0.0019322623265907168,
    0.002067593624815345,
    0.0023487189318984747,
    0.0028591868467628956,
    0.003085577394813299,
    0.0039017125964164734,
    0.004627410788089037,
    0.002224901458248496,
    0.0032383135985583067,
    0.0020230684895068407,
    0.0030077563133090734,
    0.004888338968157768,
    0.004018991719931364,
    0.003643617732450366,
    0.0065043228678405285,
    0.014811241999268532,
    0.01676005683839321,
    0.009278951212763786,
    0.00797723513096571,
    0.008612829260528088,
    0.0050810277462005615,
    0.003526991233229637,
    0.003004776081070304,
    0.0021744798868894577,
    0.0023599588312208652,
    0.002101299585774541,
    0.0021994810085743666,
    0.0017755922162905335,
    0.00213046302087605,
    0.0018765006680041552,
    0.0023454446345567703,
    0.0026449363213032484,
    0.0027022247668355703,
    0.002419915748760104,
    0.001861716853454709,
    0.001844434067606926,
    0.001790679874829948,
    0.001760956714861095,
    0.002143215388059616,
    0.002399822697043419,
    0.0020730553660541773,
    0.0030927215702831745,
    0.004805398639291525,
    0.006329938303679228,
    0.009965077042579651,
    0.01790781132876873,
    0.021008392795920372,
    0.03348776698112488,
    0.013833904638886452,
    0.012713814154267311,
    0.01741405576467514,
    0.013925760053098202,
    0.012559252791106701,
    0.006647011730819941,
    0.004859002772718668,
    0.005394523497670889,
    0.004065589047968388,
    0.004125394392758608,
    0.004059964325278997,
    0.003489963710308075,
    0.00263132993131876,
    0.0020253807306289673,
    0.0016575007466599345,
    0.001981682376936078,
    0.0016676568193361163,
    0.0020180947612971067,
    0.0017686778446659446,
    0.0018601473420858383,
    0.0018698998028412461,
    0.0017487298464402556,
    0.0017192725790664554,
    0.0017020071391016245,
    0.0018545013153925538,
    0.0017261937027797103,
    0.001648575416766107,
    0.0014197665732353926,
    0.001390746678225696,
    0.0013790220255032182,
    0.0014222291065379977,
    0.0013267949689179659,
    0.001823351951315999,
    0.001677509630098939,
    0.0013657035306096077,
    0.0011715267319232225,
    0.0011472381884232163,
    0.0009537359583191574,
    0.0014105979353189468,
    0.0013427170924842358,
    0.0015654955059289932,
    0.0013791847741231322,
    0.0018716097110882401,
    0.0015847295289859176,
    0.0012744213454425335,
    0.0015495745465159416,
    0.0012330150930210948,
    0.001350070582702756,
    0.0032177225220948458,
    0.054160285741090775,
    0.040191762149333954,
    0.06183476373553276,
    0.041811030358076096,
    0.11161400377750397,
    0.17299111187458038,
    0.3071250021457672,
    0.2701434791088104,
    0.12182570993900299,
    0.00164340331684798,
    0.0008132021175697446,
    0.001432397635653615
  ],
  "anomalous_segments": [
    {
      "start": 103,
      "end": 103
    },
    {
      "start": 105,
      "end": 105
    },
    {
      "start": 107,
      "end": 111
    }
  ],
  "extracted_frames": [
    {
      "snippet_idx": 103,
      "score": 0.054160285741090775,
      "frame_num": 1666,
      "file": "snippet_103_frame_1666.jpg"
    },
    {
      "snippet_idx": 105,
      "score": 0.06183476373553276,
      "frame_num": 1698,
      "file": "snippet_105_frame_1698.jpg"
    },
    {
      "snippet_idx": 107,
      "score": 0.11161400377750397,
      "frame_num": 1731,
      "file": "snippet_107_frame_1731.jpg"
    },
    {
      "snippet_idx": 109,
      "score": 0.3071250021457672,
      "frame_num": 1763,
      "file": "snippet_109_frame_1763.jpg"
    },
    {
      "snippet_idx": 111,
      "score": 0.12182570993900299,
      "frame_num": 1795,
      "file": "snippet_111_frame_1795.jpg"
    }
  ]
}