{
  "video_id": "04_002",
  "gate_score": 0.3813598155975342,
  "n_segments": 57,
  "segment_scores": [
    0.0017356351017951965,
    0.0008329528500325978,
    0.0008924715220928192,
    0.007615013979375362,
    0.019710151478648186,
    0.09337949007749557,
    0.16362719237804413,
    0.1850954294204712,
    0.1935574859380722,
    0.16797663271427155,
    0.15327459573745728,
    0.11042243242263794,
    0.15836957097053528,
    0.010809032246470451,
    0.0019118189811706543,
    0.008793794550001621,
    0.09465130418539047,
    0.005718858912587166,
    0.0032379701733589172,
    0.000540324836038053,
    0.00015809286560397595,
    0.0003962530754506588,
    0.0002553687081672251,
    0.0002695024595595896,
    0.0002864973503164947,
    0.0002726847887970507,
    0.0002990078064613044,
    0.00035559252137318254,
    0.00024257632321678102,
    0.0004639180260710418,
    0.0016901741037145257,
    0.008194642141461372,
    0.040565893054008484,
    0.05885934829711914,
    0.20436887443065643,
    0.22805318236351013,
    0.3650076389312744,
    0.36458620429039,
    0.39106494188308716,
    0.388428270816803,
    0.1829420030117035,
    0.09090721607208252,
    0.00502732302993536,
    0.001259913551621139,
    0.0006963860359974205,
    0.0002445492136757821,
    0.00015997856098692864,
    0.00019473666907288134,
    0.0001693163503659889,
    0.00032606645254418254,
    0.00026075675850734115,
    0.0001938858476933092,
    0.00028665753779932857,
    0.0001731634692987427,
    0.0001067027187673375,
    0.00020591626525856555,
    0.0002828792785294354
  ],
  "anomalous_segments": [
    {
      "start_snippet": 36,
      "end_snippet": 39,
      "selected_snippets": [
        {
          "snippet_idx": 36,
          "score": 0.3650076389312744
        },
        {
          "snippet_idx": 39,
          "score": 0.388428270816803
        }
      ]
    }
  ],
  "extracted_frames": [
    {
      "snippet_idx": 36,
      "score": 0.3650076389312744,
      "frame_num": 584,
      "file": "snippet_036_frame_0584.jpg"
    },
    {
      "snippet_idx": 39,
      "score": 0.388428270816803,
      "frame_num": 632,
      "file": "snippet_039_frame_0632.jpg"
    }
  ]
}