{
  "video_id": "01_0015",
  "gate_score": 0.6644290685653687,
  "n_segments": 27,
  "segment_scores": [
    0.023258579894900322,
    0.010096177458763123,
    0.008395903743803501,
    0.00669731292873621,
    0.020518872886896133,
    0.054432857781648636,
    0.12892365455627441,
    0.06460209935903549,
    0.0563657246530056,
    0.06943656504154205,
    0.09102281183004379,
    0.17267778515815735,
    0.3550572097301483,
    0.5853371620178223,
    0.7418217658996582,
    0.6661280989646912,
    0.6796927452087402,
    0.5490429997444153,
    0.551061749458313,
    0.31304916739463806,
    0.2386765480041504,
    0.16364167630672455,
    0.17692898213863373,
    0.20958887040615082,
    0.018782958388328552,
    0.0028520794585347176,
    0.005319134797900915
  ],
  "anomalous_segments": [
    {
      "start": 12,
      "end": 19
    }
  ],
  "extracted_frames": [
    {
      "snippet_idx": 12,
      "score": 0.3550572097301483,
      "frame_num": 200,
      "file": "snippet_012_frame_0200.jpg"
    },
    {
      "snippet_idx": 14,
      "score": 0.7418217658996582,
      "frame_num": 232,
      "file": "snippet_014_frame_0232.jpg"
    },
    {
      "snippet_idx": 16,
      "score": 0.6796927452087402,
      "frame_num": 264,
      "file": "snippet_016_frame_0264.jpg"
    },
    {
      "snippet_idx": 19,
      "score": 0.31304916739463806,
      "frame_num": 312,
      "file": "snippet_019_frame_0312.jpg"
    }
  ]
}