{
  "video_id": "09_007",
  "gate_score": 0.20852947235107422,
  "n_segments": 98,
  "segment_scores": [
    0.0011594814714044333,
    0.0006199240451678634,
    0.0014265475329011679,
    0.002872362034395337,
    0.0017720708856359124,
    0.004022513050585985,
    0.001128567848354578,
    0.003925303928554058,
    0.004725256003439426,
    0.002697980497032404,
    0.011871115304529667,
    0.04043067619204521,
    0.07179050147533417,
    0.1527644693851471,
    0.26350098848342896,
    0.16259680688381195,
    0.2093229591846466,
    0.05587293952703476,
    0.002241678535938263,
    0.001193773583509028,
    0.0010334267280995846,
    0.0005732192657887936,
    0.0004203157441224903,
    0.0004843627684749663,
    0.001514280098490417,
    0.0011573659721761942,
    0.0013000259641557932,
    0.0030965134501457214,
    0.008058125153183937,
    0.00822659395635128,
    0.005782576743513346,
    0.018265942111611366,
    0.01230776309967041,
    0.012089785188436508,
    0.024411994963884354,
    0.005942843854427338,
    0.0014552054926753044,
    0.002591037889942527,
    0.025163745507597923,
    0.10242687165737152,
    0.12478367239236832,
    0.0983474925160408,
    0.08878286182880402,
    0.0035140246618539095,
    0.0019356142729520798,
    0.0009683136595413089,
    0.0016551470616832376,
    0.003581088501960039,
    0.002527982462197542,
    0.005697174929082394,
    0.014256050810217857,
    0.025118008255958557,
    0.014583763666450977,
    0.004800229799002409,
    0.00389016792178154,
    0.012240623123943806,
    0.022711556404829025,
    0.015645017847418785,
    0.0044796764850616455,
    0.0007025398081168532,
    0.0007608563755638897,
    0.000289961404632777,
    0.0003479992737993598,
    0.0003504061605781317,
    0.000889173592440784,
    0.0014732255367562175,
    0.0012118694139644504,
    0.001688261516392231,
    0.002093162853270769,
    0.0033953767269849777,
    0.027447590604424477,
    0.01727481186389923,
    0.010090428404510021,
    0.006182349286973476,
    0.02495405450463295,
    0.002303904388099909,
    0.0004889796255156398,
    0.0007536975899711251,
    0.000900972809176892,
    0.0003983209317084402,
    0.0005286355735734105,
    0.0003818214463535696,
    0.0002873499470297247,
    0.0009234640747308731,
    0.0017752244602888823,
    0.004479994531720877,
    0.03413137421011925,
    0.0668199360370636,
    0.10272872447967529,
    0.09139112383127213,
    0.09302626550197601,
    0.06869621574878693,
    0.048830531537532806,
    0.04851418361067772,
    0.01892632432281971,
    0.0010273631196469069,
    0.0006026856717653573,
    0.0010342515306547284
  ],
  "anomalous_segments": [
    {
      "start_snippet": 13,
      "end_snippet": 88,
      "selected_snippets": [
        {
          "snippet_idx": 13,
          "score": 0.1527644693851471
        },
        {
          "snippet_idx": 16,
          "score": 0.2093229591846466
        },
        {
          "snippet_idx": 38,
          "score": 0.025163745507597923
        },
        {
          "snippet_idx": 40,
          "score": 0.12478367239236832
        },
        {
          "snippet_idx": 42,
          "score": 0.08878286182880402
        },
        {
          "snippet_idx": 70,
          "score": 0.027447590604424477
        },
        {
          "snippet_idx": 86,
          "score": 0.03413137421011925
        },
        {
          "snippet_idx": 88,
          "score": 0.10272872447967529
        }
      ]
    }
  ],
  "extracted_frames": [
    {
      "snippet_idx": 13,
      "score": 0.1527644693851471,
      "frame_num": 217,
      "file": "snippet_013_frame_0217.jpg"
    },
    {
      "snippet_idx": 16,
      "score": 0.2093229591846466,
      "frame_num": 265,
      "file": "snippet_016_frame_0265.jpg"
    },
    {
      "snippet_idx": 38,
      "score": 0.025163745507597923,
      "frame_num": 619,
      "file": "snippet_038_frame_0619.jpg"
    },
    {
      "snippet_idx": 40,
      "score": 0.12478367239236832,
      "frame_num": 651,
      "file": "snippet_040_frame_0651.jpg"
    },
    {
      "snippet_idx": 42,
      "score": 0.08878286182880402,
      "frame_num": 683,
      "file": "snippet_042_frame_0683.jpg"
    },
    {
      "snippet_idx": 70,
      "score": 0.027447590604424477,
      "frame_num": 1134,
      "file": "snippet_070_frame_1134.jpg"
    },
    {
      "snippet_idx": 86,
      "score": 0.03413137421011925,
      "frame_num": 1391,
      "file": "snippet_086_frame_1391.jpg"
    },
    {
      "snippet_idx": 88,
      "score": 0.10272872447967529,
      "frame_num": 1424,
      "file": "snippet_088_frame_1424.jpg"
    }
  ]
}