{
  "video_id": "01_072",
  "gate_score": 0.22601895034313202,
  "n_segments": 65,
  "segment_scores": [
    0.00012837420217692852,
    0.00011692898988258094,
    0.00016763868916314095,
    0.0005739938351325691,
    0.0003536447184160352,
    0.0008090155315585434,
    0.0033350526355206966,
    0.006342753767967224,
    0.02012125961482525,
    0.032730817794799805,
    0.0462978258728981,
    0.035109106451272964,
    0.000350074318703264,
    0.00025192246539518237,
    0.00020782715000677854,
    0.0007210614858195186,
    0.0015527185751125216,
    0.002031987067312002,
    0.0004119125660508871,
    0.00018154850113205612,
    0.00014406940317712724,
    9.451559890294448e-05,
    0.00012966540816705674,
    0.00010183405538555235,
    5.049299215897918e-05,
    4.0973525756271556e-05,
    4.726834231405519e-05,
    6.49451176286675e-05,
    7.762467430438846e-05,
    5.1461429393384606e-05,
    4.864163929596543e-05,
    6.165739614516497e-05,
    6.352787022478878e-05,
    7.59462927817367e-05,
    7.11494212737307e-05,
    6.440743163693696e-05,
    6.035136175341904e-05,
    6.848217162769288e-05,
    8.725795487407595e-05,
    0.00011124400043627247,
    0.00012755834904965013,
    0.00012205747043481097,
    0.00016205551219172776,
    0.00015868092305026948,
    0.00012468754721339792,
    0.00023965645232237875,
    0.00013998735812492669,
    0.0002082212158711627,
    0.009379027411341667,
    0.005446901079267263,
    0.02313925512135029,
    0.012031318619847298,
    0.10416390746831894,
    0.1028398722410202,
    0.21101531386375427,
    0.25222814083099365,
    0.22823169827461243,
    0.19759702682495117,
    0.21784281730651855,
    0.13747665286064148,
    0.18892881274223328,
    0.11664827913045883,
    0.00029257580172270536,
    0.0001133305486291647,
    0.0001416533050360158
  ],
  "anomalous_segments": [
    {
      "start_snippet": 54,
      "end_snippet": 61,
      "selected_snippets": [
        {
          "snippet_idx": 54,
          "score": 0.21101531386375427
        },
        {
          "snippet_idx": 56,
          "score": 0.22823169827461243
        },
        {
          "snippet_idx": 58,
          "score": 0.21784281730651855
        },
        {
          "snippet_idx": 61,
          "score": 0.11664827913045883
        }
      ]
    }
  ],
  "extracted_frames": [
    {
      "snippet_idx": 54,
      "score": 0.21101531386375427,
      "frame_num": 882,
      "file": "snippet_054_frame_0882.jpg"
    },
    {
      "snippet_idx": 56,
      "score": 0.22823169827461243,
      "frame_num": 915,
      "file": "snippet_056_frame_0915.jpg"
    },
    {
      "snippet_idx": 58,
      "score": 0.21784281730651855,
      "frame_num": 947,
      "file": "snippet_058_frame_0947.jpg"
    },
    {
      "snippet_idx": 61,
      "score": 0.11664827913045883,
      "frame_num": 996,
      "file": "snippet_061_frame_0996.jpg"
    }
  ]
}