{
  "video_id": "08_021",
  "gate_score": 0.36644458770751953,
  "n_segments": 82,
  "segment_scores": [
    0.00093517464119941,
    0.0005015818169340491,
    0.000516885775141418,
    0.0005031233304180205,
    0.0005193747347220778,
    0.0005504785804077983,
    0.0004956761840730906,
    0.00046438234858214855,
    0.00045409263111650944,
    0.0005192561657167971,
    0.000508430995978415,
    0.0005819188081659377,
    0.0006223368691280484,
    0.0008140801219269633,
    0.001938879257068038,
    0.06994395703077316,
    0.07716221362352371,
    0.06962873041629791,
    0.009577490389347076,
    0.03169197589159012,
    0.07712225615978241,
    0.10650564730167389,
    0.010008173063397408,
    0.0015501833986490965,
    0.00034149776911363006,
    0.00018918336718343198,
    0.00017920105892699212,
    0.00019394475384615362,
    0.0002493421488907188,
    0.00025719989207573235,
    0.0003002729208674282,
    0.0002043230488197878,
    0.00032722987816669047,
    0.00020798863261006773,
    0.0003492507094051689,
    0.0005042991833761334,
    0.0004736832343041897,
    0.00038109629531390965,
    0.00033683929359540343,
    0.00026635255198925734,
    0.0003370764316059649,
    0.00038984647835604846,
    0.003631551517173648,
    0.0343828909099102,
    0.10780753940343857,
    0.16689899563789368,
    0.17872193455696106,
    0.0771649107336998,
    0.25704526901245117,
    0.47650614380836487,
    0.4430695176124573,
    0.2566417157649994,
    0.09715801477432251,
    0.17975808680057526,
    0.11913561820983887,
    0.08942015469074249,
    0.07760174572467804,
    0.15636853873729706,
    0.02213243395090103,
    0.0038865176029503345,
    0.028727823868393898,
    0.067133828997612,
    0.00698660034686327,
    0.0006401360151357949,
    0.000422586512286216,
    0.00012533899280242622,
    0.00013445501099340618,
    0.00021523897885344923,
    0.0002892519405577332,
    0.0003220906655769795,
    0.00031270956969819963,
    0.0005718062166124582,
    0.00036930435453541577,
    0.00042974724783562124,
    0.0004934014286845922,
    0.0006560097681358457,
    0.0007859510369598866,
    0.001151070580817759,
    0.002126474631950259,
    0.0007045969250611961,
    0.0008613662794232368,
    0.008770622313022614
  ],
  "anomalous_segments": [
    {
      "start_snippet": 49,
      "end_snippet": 50,
      "selected_snippets": [
        {
          "snippet_idx": 49,
          "score": 0.47650614380836487
        },
        {
          "snippet_idx": 50,
          "score": 0.4430695176124573
        }
      ]
    }
  ],
  "extracted_frames": [
    {
      "snippet_idx": 49,
      "score": 0.47650614380836487,
      "frame_num": 797,
      "file": "snippet_049_frame_0797.jpg"
    },
    {
      "snippet_idx": 50,
      "score": 0.4430695176124573,
      "frame_num": 814,
      "file": "snippet_050_frame_0814.jpg"
    }
  ]
}