{
  "video_id": "01_0055",
  "gate_score": 0.31163790822029114,
  "n_segments": 19,
  "segment_scores": [
    0.00048038605018518865,
    0.002543044975027442,
    0.0014461824903264642,
    0.008935090154409409,
    0.009667787700891495,
    0.08144943416118622,
    0.12347761541604996,
    0.19525586068630219,
    0.20422613620758057,
    0.23465988039970398,
    0.3683791756629944,
    0.33187469840049744,
    0.2412419617176056,
    0.2043958157300949,
    0.21393772959709167,
    0.10610286891460419,
    0.022354746237397194,
    0.0031957528553903103,
    0.0012906913179904222
  ],
  "anomalous_segments": [
    {
      "start_snippet": 10,
      "end_snippet": 11,
      "selected_snippets": [
        {
          "snippet_idx": 10,
          "score": 0.3683791756629944
        },
        {
          "snippet_idx": 11,
          "score": 0.33187469840049744
        }
      ]
    }
  ],
  "extracted_frames": [
    {
      "snippet_idx": 10,
      "score": 0.3683791756629944,
      "frame_num": 172,
      "file": "snippet_010_frame_0172.jpg"
    },
    {
      "snippet_idx": 11,
      "score": 0.33187469840049744,
      "frame_num": 189,
      "file": "snippet_011_frame_0189.jpg"
    }
  ]
}