{
  "video_id": "05_060",
  "gate_score": 0.3154754340648651,
  "n_segments": 64,
  "segment_scores": [
    0.0006223793025128543,
    0.00019733393855858594,
    0.0006409758352674544,
    0.004577226005494595,
    0.0025474540889263153,
    0.023341747000813484,
    9.857580153038725e-05,
    0.00013675271475221962,
    0.00012711749877780676,
    0.0005237897275947034,
    0.0008244497003033757,
    0.00032196109532378614,
    0.006045973859727383,
    0.31020480394363403,
    0.3401343822479248,
    0.2960871458053589,
    0.047868646681308746,
    0.022426513954997063,
    0.002258510561659932,
    0.004500489216297865,
    0.000917301862500608,
    0.0008562542498111725,
    0.0017808452248573303,
    0.0032198906410485506,
    0.0002715765149332583,
    0.0008561682770960033,
    0.0010142290266230702,
    0.000508819823153317,
    0.0006500515155494213,
    0.00018378542154096067,
    0.00017947217565961182,
    0.0003766446316149086,
    0.00015291073941625655,
    0.00020246759231667966,
    0.00015536489081569016,
    0.00011103104043286294,
    0.00016584373952355236,
    8.673385309521109e-05,
    5.081475683255121e-05,
    5.86881760682445e-05,
    3.496560384519398e-05,
    5.342585427570157e-05,
    0.00022304293815977871,
    0.00014423239917960018,
    0.00017164094606414437,
    0.00032673488021828234,
    0.0001845065417001024,
    0.00035753758857026696,
    0.0008860962698236108,
    0.0008640719461254776,
    0.0015699347713962197,
    0.0006393491057679057,
    0.00013246560411062092,
    0.00012983330816496164,
    0.00019258238899055868,
    0.0011284517822787166,
    0.00011594872921705246,
    0.00010774868860607967,
    7.804269262123853e-05,
    7.778363942634314e-05,
    4.540402733255178e-05,
    6.259498331928626e-05,
    7.111364539014176e-05,
    9.577230230206624e-05
  ],
  "anomalous_segments": [
    {
      "start_snippet": 13,
      "end_snippet": 14,
      "selected_snippets": [
        {
          "snippet_idx": 13,
          "score": 0.31020480394363403
        },
        {
          "snippet_idx": 14,
          "score": 0.3401343822479248
        }
      ]
    }
  ],
  "extracted_frames": [
    {
      "snippet_idx": 13,
      "score": 0.31020480394363403,
      "frame_num": 218,
      "file": "snippet_013_frame_0218.jpg"
    },
    {
      "snippet_idx": 14,
      "score": 0.3401343822479248,
      "frame_num": 234,
      "file": "snippet_014_frame_0234.jpg"
    }
  ]
}