{
  "video_id": "05_062",
  "gate_score": 0.2473064512014389,
  "n_segments": 66,
  "segment_scores": [
    0.00030837341910228133,
    0.00013580487575381994,
    0.00021106062922626734,
    0.0014235496055334806,
    0.005871527828276157,
    0.1236225813627243,
    0.18064609169960022,
    0.19002901017665863,
    0.031406257301568985,
    0.03390112146735191,
    0.00018621240451466292,
    0.0014727049274370074,
    0.00015296877245418727,
    0.00016363427857868373,
    0.00030447481549344957,
    0.00021666109387297183,
    0.0003074109845329076,
    0.00010415066208224744,
    0.00015103811165317893,
    0.00024365971330553293,
    0.00028019133605994284,
    0.00033131358213722706,
    0.0004649472830351442,
    0.003659528912976384,
    0.0004560771049000323,
    0.0007204305147752166,
    0.00029480873490683734,
    9.522066102363169e-05,
    0.00013730103091802448,
    0.0008832205203361809,
    0.0005287557141855359,
    0.0004903289955109358,
    0.0010343294125050306,
    0.00033675870508886874,
    0.0009288398432545364,
    0.03712542727589607,
    0.2189011573791504,
    0.20981769263744354,
    0.036925844848155975,
    0.026440083980560303,
    0.34207260608673096,
    0.013027245178818703,
    0.00084323575720191,
    0.00013814707926940173,
    0.0003838517877738923,
    7.238566468004137e-05,
    5.405366391642019e-05,
    0.00012420822167769074,
    5.712636630050838e-05,
    0.00012580337352119386,
    0.00011629816435743123,
    0.0001893984735943377,
    0.0002035206853179261,
    0.0002100565907312557,
    5.858546865056269e-05,
    0.00015772139886394143,
    0.0005063198623247445,
    0.000456259265774861,
    0.0026302116457372904,
    0.0015282037202268839,
    0.005026223603636026,
    0.003951172810047865,
    0.006627270020544529,
    0.0039056737441569567,
    0.0008686120854690671,
    0.0006118674064055085
  ],
  "anomalous_segments": [
    {
      "start_snippet": 40,
      "end_snippet": 40,
      "selected_snippets": [
        {
          "snippet_idx": 40,
          "score": 0.34207260608673096
        }
      ]
    }
  ],
  "extracted_frames": [
    {
      "snippet_idx": 40,
      "score": 0.34207260608673096,
      "frame_num": 656,
      "file": "snippet_040_frame_0656.jpg"
    }
  ]
}