{
  "video_id": "06_026",
  "gate_score": 0.698322594165802,
  "n_segments": 83,
  "segment_scores": [
    0.001661288901232183,
    0.0014851691666990519,
    0.02044914849102497,
    0.023928653448820114,
    0.018479084596037865,
    0.15298929810523987,
    0.16370789706707,
    0.18529093265533447,
    0.05184090882539749,
    0.02496093139052391,
    0.024951206520199776,
    0.018683861941099167,
    0.03499617427587509,
    0.03113532066345215,
    0.03902140632271767,
    0.050166599452495575,
    0.09859875589609146,
    0.19804123044013977,
    0.11480788886547089,
    0.0954512506723404,
    0.13556227087974548,
    0.10509450733661652,
    0.06926922500133514,
    0.06341232359409332,
    0.12830451130867004,
    0.12088344246149063,
    0.13429290056228638,
    0.2509578764438629,
    0.4141836166381836,
    0.4708605706691742,
    0.40956777334213257,
    0.2219403088092804,
    0.18895509839057922,
    0.14918048679828644,
    0.16119281947612762,
    0.1680314689874649,
    0.12772418558597565,
    0.19196170568466187,
    0.2623240053653717,
    0.31978827714920044,
    0.3756762146949768,
    0.4099143147468567,
    0.3335667848587036,
    0.20713496208190918,
    0.11444227397441864,
    0.11284913122653961,
    0.1470269411802292,
    0.13119599223136902,
    0.08460405468940735,
    0.024602210149168968,
    0.019579842686653137,
    0.027880150824785233,
    0.028574666008353233,
    0.037348952144384384,
    0.02804005704820156,
    0.04292311146855354,
    0.03384360298514366,
    0.07076875865459442,
    0.07446565479040146,
    0.09286699444055557,
    0.06083931401371956,
    0.1029263287782669,
    0.17463095486164093,
    0.26119545102119446,
    0.4949222207069397,
    0.6913589239120483,
    0.6995285749435425,
    0.6974598169326782,
    0.6990575790405273,
    0.7001704573631287,
    0.6957398653030396,
    0.662693202495575,
    0.5502464771270752,
    0.40945690870285034,
    0.3997806906700134,
    0.39864182472229004,
    0.3780117630958557,
    0.22249440848827362,
    0.08751240372657776,
    0.04855417460203171,
    0.0012661197688430548,
    0.000814834435004741,
    0.0009353520581498742
  ],
  "anomalous_segments": [
    {
      "start_snippet": 28,
      "end_snippet": 30,
      "selected_snippets": [
        {
          "snippet_idx": 28,
          "score": 0.4141836166381836
        },
        {
          "snippet_idx": 30,
          "score": 0.40956777334213257
        }
      ]
    },
    {
      "start_snippet": 39,
      "end_snippet": 42,
      "selected_snippets": [
        {
          "snippet_idx": 39,
          "score": 0.31978827714920044
        },
        {
          "snippet_idx": 42,
          "score": 0.3335667848587036
        }
      ]
    },
    {
      "start_snippet": 64,
      "end_snippet": 76,
      "selected_snippets": [
        {
          "snippet_idx": 64,
          "score": 0.4949222207069397
        },
        {
          "snippet_idx": 66,
          "score": 0.6995285749435425
        },
        {
          "snippet_idx": 69,
          "score": 0.7001704573631287
        },
        {
          "snippet_idx": 71,
          "score": 0.662693202495575
        },
        {
          "snippet_idx": 76,
          "score": 0.3780117630958557
        }
      ]
    }
  ],
  "extracted_frames": [
    {
      "snippet_idx": 28,
      "score": 0.4141836166381836,
      "frame_num": 458,
      "file": "snippet_028_frame_0458.jpg"
    },
    {
      "snippet_idx": 30,
      "score": 0.40956777334213257,
      "frame_num": 490,
      "file": "snippet_030_frame_0490.jpg"
    },
    {
      "snippet_idx": 39,
      "score": 0.31978827714920044,
      "frame_num": 635,
      "file": "snippet_039_frame_0635.jpg"
    },
    {
      "snippet_idx": 42,
      "score": 0.3335667848587036,
      "frame_num": 684,
      "file": "snippet_042_frame_0684.jpg"
    },
    {
      "snippet_idx": 64,
      "score": 0.4949222207069397,
      "frame_num": 1038,
      "file": "snippet_064_frame_1038.jpg"
    },
    {
      "snippet_idx": 66,
      "score": 0.6995285749435425,
      "frame_num": 1070,
      "file": "snippet_066_frame_1070.jpg"
    },
    {
      "snippet_idx": 69,
      "score": 0.7001704573631287,
      "frame_num": 1118,
      "file": "snippet_069_frame_1118.jpg"
    },
    {
      "snippet_idx": 71,
      "score": 0.662693202495575,
      "frame_num": 1150,
      "file": "snippet_071_frame_1150.jpg"
    },
    {
      "snippet_idx": 76,
      "score": 0.3780117630958557,
      "frame_num": 1231,
      "file": "snippet_076_frame_1231.jpg"
    }
  ]
}