{
  "video_id": "08_001",
  "gate_score": 0.40333640575408936,
  "n_segments": 51,
  "segment_scores": [
    0.010150855407118797,
    0.0047088079154491425,
    0.03313801437616348,
    0.008276840671896935,
    0.00975682120770216,
    0.013541096821427345,
    0.009297847747802734,
    0.049700018018484116,
    0.05364115163683891,
    0.0517432801425457,
    0.010414852760732174,
    0.018786577507853508,
    0.048063039779663086,
    0.00808246061205864,
    0.006130923517048359,
    0.007279133889824152,
    0.006552916951477528,
    0.004487395752221346,
    0.0044854190200567245,
    0.0034628130961209536,
    0.003255759598687291,
    0.0023436674382537603,
    0.002579290186986327,
    0.018892837688326836,
    0.049592677503824234,
    0.01714799925684929,
    0.011389058083295822,
    0.009317769668996334,
    0.003596428781747818,
    0.0034683949779719114,
    0.0035051361192017794,
    0.008532037027180195,
    0.011412232182919979,
    0.004746013320982456,
    0.0025798187125474215,
    0.02086171880364418,
    0.03152225539088249,
    0.05961207300424576,
    0.08301771432161331,
    0.10382633656263351,
    0.17483897507190704,
    0.2459251880645752,
    0.29193875193595886,
    0.31970712542533875,
    0.39035794138908386,
    0.49994412064552307,
    0.34511861205101013,
    0.2069096565246582,
    0.04335405305027962,
    0.014666787348687649,
    0.008392046205699444
  ],
  "anomalous_segments": [
    {
      "start": 41,
      "end": 47
    }
  ],
  "extracted_frames": [
    {
      "snippet_idx": 41,
      "score": 0.2459251880645752,
      "frame_num": 664,
      "file": "snippet_041_frame_0664.jpg"
    },
    {
      "snippet_idx": 43,
      "score": 0.31970712542533875,
      "frame_num": 696,
      "file": "snippet_043_frame_0696.jpg"
    },
    {
      "snippet_idx": 45,
      "score": 0.49994412064552307,
      "frame_num": 728,
      "file": "snippet_045_frame_0728.jpg"
    },
    {
      "snippet_idx": 47,
      "score": 0.2069096565246582,
      "frame_num": 760,
      "file": "snippet_047_frame_0760.jpg"
    }
  ]
}