{
  "video_id": "01_0056",
  "gate_score": 0.6174866557121277,
  "n_segments": 33,
  "segment_scores": [
    0.02848414145410061,
    0.01672503538429737,
    0.04149980470538139,
    0.04719827324151993,
    0.01677447371184826,
    0.02136349305510521,
    0.03856011480093002,
    0.06196703389286995,
    0.030979176983237267,
    0.0503159835934639,
    0.1719151884317398,
    0.2049349993467331,
    0.18745854496955872,
    0.11782349646091461,
    0.16956673562526703,
    0.1949099749326706,
    0.22158701717853546,
    0.22582831978797913,
    0.06134680658578873,
    0.16001003980636597,
    0.333433598279953,
    0.6614834070205688,
    0.7455325126647949,
    0.6953555941581726,
    0.4454440176486969,
    0.3627939820289612,
    0.3449634611606598,
    0.20900507271289825,
    0.027396876364946365,
    0.0735798254609108,
    0.018138738349080086,
    0.005594704300165176,
    0.013946629129350185
  ],
  "anomalous_segments": [
    {
      "start": 20,
      "end": 26
    }
  ],
  "extracted_frames": [
    {
      "snippet_idx": 20,
      "score": 0.333433598279953,
      "frame_num": 328,
      "file": "snippet_020_frame_0328.jpg"
    },
    {
      "snippet_idx": 22,
      "score": 0.7455325126647949,
      "frame_num": 360,
      "file": "snippet_022_frame_0360.jpg"
    },
    {
      "snippet_idx": 24,
      "score": 0.4454440176486969,
      "frame_num": 392,
      "file": "snippet_024_frame_0392.jpg"
    },
    {
      "snippet_idx": 26,
      "score": 0.3449634611606598,
      "frame_num": 424,
      "file": "snippet_026_frame_0424.jpg"
    }
  ]
}