{
  "video_id": "01_050",
  "gate_score": 0.20847398042678833,
  "n_segments": 50,
  "segment_scores": [
    0.001029899693094194,
    0.060400139540433884,
    0.15669618546962738,
    0.1974567472934723,
    0.19963937997817993,
    0.20857933163642883,
    0.22376899421215057,
    0.22702224552631378,
    0.21720322966575623,
    0.20371361076831818,
    0.20510871708393097,
    0.19863276183605194,
    0.13057851791381836,
    0.11600597947835922,
    0.027489691972732544,
    0.03124905191361904,
    0.011679072864353657,
    0.009580041281878948,
    0.003290831344202161,
    0.003850118722766638,
    0.003782904939725995,
    0.009264872409403324,
    0.0036821600515395403,
    0.003092261264100671,
    0.001829009735956788,
    0.001052994281053543,
    0.0006777725648134947,
    0.001229095971211791,
    0.0023120008409023285,
    0.012158812955021858,
    0.007928920909762383,
    0.008707991801202297,
    0.07650193572044373,
    0.17444463074207306,
    0.1982773095369339,
    0.20245149731636047,
    0.2925075888633728,
    0.3289835751056671,
    0.23238296806812286,
    0.1333329975605011,
    0.10795225948095322,
    0.05998409911990166,
    0.037663862109184265,
    0.004439039621502161,
    0.0012505435151979327,
    0.0005326581886038184,
    0.00023017849889583886,
    0.00018296189955435693,
    0.00019600447558332235,
    0.0003052635001949966
  ],
  "anomalous_segments": [
    {
      "start_snippet": 37,
      "end_snippet": 37,
      "selected_snippets": [
        {
          "snippet_idx": 37,
          "score": 0.3289835751056671
        }
      ]
    }
  ],
  "extracted_frames": [
    {
      "snippet_idx": 37,
      "score": 0.3289835751056671,
      "frame_num": 604,
      "file": "snippet_037_frame_0604.jpg"
    }
  ]
}