{
  "video_id": "01_0015",
  "gate_score": 0.3332175612449646,
  "n_segments": 27,
  "segment_scores": [
    0.0003239068028051406,
    0.00037675927160307765,
    0.0003626386751420796,
    0.00042161595774814487,
    0.0007598312222398818,
    0.008084261789917946,
    0.03111565113067627,
    0.02486600913107395,
    0.07025562226772308,
    0.27828484773635864,
    0.4033997654914856,
    0.32842710614204407,
    0.31796807050704956,
    0.24085542559623718,
    0.17701976001262665,
    0.25077611207962036,
    0.2725747525691986,
    0.22276762127876282,
    0.13546881079673767,
    0.08362787961959839,
    0.049794573336839676,
    0.04649827256798744,
    0.016864022240042686,
    0.001108016585931182,
    0.0001306655176449567,
    9.605286322766915e-05,
    0.00018928198551293463
  ],
  "anomalous_segments": [
    {
      "start_snippet": 10,
      "end_snippet": 12,
      "selected_snippets": [
        {
          "snippet_idx": 10,
          "score": 0.4033997654914856
        },
        {
          "snippet_idx": 12,
          "score": 0.31796807050704956
        }
      ]
    }
  ],
  "extracted_frames": [
    {
      "snippet_idx": 10,
      "score": 0.4033997654914856,
      "frame_num": 168,
      "file": "snippet_010_frame_0168.jpg"
    },
    {
      "snippet_idx": 12,
      "score": 0.31796807050704956,
      "frame_num": 200,
      "file": "snippet_012_frame_0200.jpg"
    }
  ]
}