{
  "video_id": "02_015",
  "gate_score": 0.28571340441703796,
  "n_segments": 12,
  "segment_scores": [
    0.00013570129522122443,
    0.00013895894517190754,
    0.0005058950046077371,
    0.003355933353304863,
    0.014818944036960602,
    0.1577465683221817,
    0.37935131788253784,
    0.32004231214523315,
    0.26440954208374023,
    0.04786898195743561,
    0.0015450797509402037,
    0.0012517583090811968
  ],
  "anomalous_segments": [
    {
      "start_snippet": 6,
      "end_snippet": 7,
      "selected_snippets": [
        {
          "snippet_idx": 6,
          "score": 0.37935131788253784
        },
        {
          "snippet_idx": 7,
          "score": 0.32004231214523315
        }
      ]
    }
  ],
  "extracted_frames": [
    {
      "snippet_idx": 6,
      "score": 0.37935131788253784,
      "frame_num": 109,
      "file": "snippet_006_frame_0109.jpg"
    },
    {
      "snippet_idx": 7,
      "score": 0.32004231214523315,
      "frame_num": 125,
      "file": "snippet_007_frame_0125.jpg"
    }
  ]
}