{
  "video_id": "07_0048",
  "gate_score": 0.5500714778900146,
  "n_segments": 15,
  "segment_scores": [
    0.05395423248410225,
    0.051238078624010086,
    0.13684271275997162,
    0.25133079290390015,
    0.3260912597179413,
    0.3808167278766632,
    0.4169293940067291,
    0.4441598057746887,
    0.5679779648780823,
    0.638076663017273,
    0.594106137752533,
    0.4456908404827118,
    0.3538205027580261,
    0.24740944802761078,
    0.11108630895614624
  ],
  "anomalous_segments": [
    {
      "start": 4,
      "end": 12
    }
  ],
  "extracted_frames": [
    {
      "snippet_idx": 4,
      "score": 0.3260912597179413,
      "frame_num": 72,
      "file": "snippet_004_frame_0072.jpg"
    },
    {
      "snippet_idx": 7,
      "score": 0.4441598057746887,
      "frame_num": 120,
      "file": "snippet_007_frame_0120.jpg"
    },
    {
      "snippet_idx": 9,
      "score": 0.638076663017273,
      "frame_num": 152,
      "file": "snippet_009_frame_0152.jpg"
    },
    {
      "snippet_idx": 12,
      "score": 0.3538205027580261,
      "frame_num": 200,
      "file": "snippet_012_frame_0200.jpg"
    }
  ]
}