{
  "video_id": "09_003",
  "gate_score": 0.2795395851135254,
  "n_segments": 32,
  "segment_scores": [
    0.0004981957608833909,
    0.0008105755550786853,
    0.0017537979874759912,
    0.007999151945114136,
    0.03487708047032356,
    0.14858143031597137,
    0.25491273403167725,
    0.22336049377918243,
    0.17642781138420105,
    0.18096795678138733,
    0.3410722017288208,
    0.27418604493141174,
    0.21830129623413086,
    0.09506301581859589,
    0.11162207275629044,
    0.08033990859985352,
    0.015040305443108082,
    0.00752172851935029,
    0.012729106470942497,
    0.00450416374951601,
    0.0026164273731410503,
    0.003975964151322842,
    0.02686079405248165,
    0.054053641855716705,
    0.03468526154756546,
    0.006874381564557552,
    0.003918421920388937,
    0.0005262009217403829,
    0.0006919321604073048,
    0.0007578759687021375,
    0.0007250154158100486,
    0.0010759362485259771
  ],
  "anomalous_segments": [
    {
      "start_snippet": 10,
      "end_snippet": 10,
      "selected_snippets": [
        {
          "snippet_idx": 10,
          "score": 0.3410722017288208
        }
      ]
    }
  ],
  "extracted_frames": [
    {
      "snippet_idx": 10,
      "score": 0.3410722017288208,
      "frame_num": 170,
      "file": "snippet_010_frame_0170.jpg"
    }
  ]
}