{
  "video_id": "01_0056",
  "gate_score": 0.3188900649547577,
  "n_segments": 33,
  "segment_scores": [
    0.0017224469920620322,
    0.014925184659659863,
    0.05717890337109566,
    0.053396470844745636,
    0.008649374358355999,
    0.02008984610438347,
    0.022100184112787247,
    0.015376153402030468,
    0.00483210664242506,
    0.002252997597679496,
    0.0012627504765987396,
    0.0023001490626484156,
    0.015466789714992046,
    0.015544498339295387,
    0.0065678805112838745,
    0.0006722816033288836,
    0.00038583407877013087,
    0.0012234107125550508,
    0.06311720609664917,
    0.020019594579935074,
    0.024338800460100174,
    0.015796994790434837,
    0.26657408475875854,
    0.317376047372818,
    0.37272003293037415,
    0.2615121006965637,
    0.19882576167583466,
    0.15447255969047546,
    0.019170545041561127,
    0.0087593924254179,
    0.0015150539111346006,
    0.0008338385378010571,
    0.0016160865779966116
  ],
  "anomalous_segments": [
    {
      "start_snippet": 23,
      "end_snippet": 24,
      "selected_snippets": [
        {
          "snippet_idx": 23,
          "score": 0.317376047372818
        },
        {
          "snippet_idx": 24,
          "score": 0.37272003293037415
        }
      ]
    }
  ],
  "extracted_frames": [
    {
      "snippet_idx": 23,
      "score": 0.317376047372818,
      "frame_num": 376,
      "file": "snippet_023_frame_0376.jpg"
    },
    {
      "snippet_idx": 24,
      "score": 0.37272003293037415,
      "frame_num": 392,
      "file": "snippet_024_frame_0392.jpg"
    }
  ]
}